ClienteID,Income,Ubicacion,HaComprado,FrecuenciaCompra,CategoríaProductoFavorito,GastoMensual,Mes,Año,Edad,TiempoEnLaPlataforma,ValoracionesPromedio,NúmeroDevoluciones,Latitud,Longitud,Day_of_Week,Hour,Days_Since_Last_Purchase,Average_Days_Between_Purchases,Monthly_Spending_Std,Cancellation_Rate,Average_Transaction_Value,Cluster
1,31161.480790882026,Rome,1,3,Electrónica,354.2382400804678,Julio,2022,53,29,2.9384719076328056,0,41.91125207514188,12.501644241166282,Sunday,19,29.764254381808414,2.60776939796666,73.15443868829104,0.2712632392622982,257.47098641318576,0
2,30880.90461026161,Stockholm,1,14,Moda,247.3498662125953,Abril,2022,55,28,3.423618372451907,0,59.331134339377854,18.06244046738273,Thursday,1,3.0668459204796865,5.692094816902705,139.00390898582913,0.8882237232498623,35.3356951732279,2
3,24237.173141699925,Stockholm,1,2,Electrónica,314.97761637612723,Noviembre,2021,28,11,3.794706550477663,0,59.33263371303785,18.0710675913192,Sunday,11,28.63592146553153,5.626180440335532,32.05628077952837,0.1887231840335198,45.52470082206286,0
4,22496.15803396413,Madrid,0,0,Libros,225.6690435879292,Agosto,2020,50,1,3.8983509635353712,0,40.42294815022744,-3.7044128479207057,Sunday,20,209.22948250926865,47.14057738831372,64.07423091726427,0.311975537488802,184.95479903193203,1
5,30825.11399054669,Paris,1,11,Electrónica,278.43056950702294,Mayo,2020,41,43,3.417591471270217,0,48.85774626415957,2.345577701084724,Wednesday,5,4.527617599267924,61.67689729184127,210.7125761731138,0.8280809188405358,92.81018983567432,2
6,25720.35541085316,Berlin,1,6,Libros,242.24446548715983,Julio,2021,40,19,2.912596712038579,0,52.52077250770569,13.39290223622714,Saturday,10,21.91485974944511,39.39991997412909,23.431350510168738,0.0839454633852244,31.70307285924457,0
7,29801.819289801904,Madrid,0,0,Hogar,338.464156367655,Octubre,2020,32,9,3.642793856087097,0,40.435110463841625,-3.722653382718078,Friday,19,17.915152825440373,147.36240940960695,35.19015189402827,0.2681808881789455,186.2338388247285,1
8,27326.68629074968,Stockholm,0,13,Hogar,244.0440983149749,Marzo,2021,44,27,3.4496906188490124,0,59.32099932579779,18.067324920527145,Sunday,3,40.5010274506101,21.140846006412023,85.1991386335051,0.5887143847348535,244.0440983149749,2
9,21057.51747509752,Paris,1,5,Alimentos,173.10729027983632,Julio,2021,28,34,2.1198422008847886,1,48.86293229758024,2.349708672997341,Sunday,0,35.822232759050195,15.141112083925142,33.23874803787213,0.1277051895328171,54.88525712491583,1
10,31786.52270968317,Vienna,1,6,Moda,306.7883972176448,Noviembre,2022,68,44,4.071314913158259,0,48.20373508263902,16.37496342367781,Wednesday,23,64.15544307102617,91.32761421766034,29.22624708972405,0.2219587771305331,237.5687993537973,0
11,27927.340973050545,Paris,1,13,Alimentos,220.42530409200708,Noviembre,2021,67,4,3.657883583065154,0,48.850480093416486,2.3695147076050653,Sunday,0,13.364770269448472,11.3886930479334,106.32245114117312,0.7725134594484692,55.10632602300177,2
12,30400.993562704072,Stockholm,1,4,Libros,395.0371310241315,Agosto,2022,34,36,3.941225623991536,0,59.33775290279208,18.06864743639944,Sunday,12,10.426862528012856,148.62915478133598,8.681838578673043,0.0795188795925588,23.43418056459746,0
13,25534.398631853885,Madrid,1,8,Alimentos,227.02425675780268,Mayo,2020,68,18,3.132364740578598,1,40.4064730396411,-3.6895720551626017,Wednesday,19,23.599452263335625,0.5503024961536188,44.02629882833976,0.3810345780144133,237.35826121297907,1
14,28325.91376302633,Vienna,1,12,Electrónica,324.8399769392835,Abril,2020,31,15,1.7216480934019998,0,48.198934258869656,16.373295380120872,Friday,0,49.83984597261086,157.61371152957668,65.60313062680865,0.992334869762254,64.96799538785669,2
15,37801.9007056644,Rome,1,10,Libros,388.49251123903264,Agosto,2020,44,13,3.5795419291725925,1,41.89952646788541,12.50481071770205,Sunday,6,60.538501421037445,1.9853549378325848,3.6060373233594376,0.054843040469734,74.72206843272545,0
16,30642.75500035541,Amsterdam,1,4,Hogar,257.2008474794557,Agosto,2020,35,19,3.4957818383409864,0,52.357840060545456,4.905156297514367,Wednesday,19,89.0935014424299,99.7974553122004,68.8847806456439,0.4004638395665049,164.9584160566957,1
17,32747.88172531334,Berlin,1,8,Moda,327.1810817924969,Marzo,2022,45,6,2.604664186196774,0,52.52962654324267,13.40440071950096,Saturday,0,21.48279710798711,33.756446265722566,193.06577986181972,0.9686940332485594,54.530180298749485,2
18,23645.6409656198,Paris,1,10,Libros,275.6565486217354,Junio,2020,68,12,3.190750227066697,3,48.84001612120651,2.371098455601116,Saturday,8,20.885531326535972,223.05728735667148,24.625485526475405,0.1967955295919656,65.5827451663651,1
19,41945.17978696231,Stockholm,1,3,Libros,410.0387311153078,Mayo,2021,64,37,5.0,0,59.32966020862752,18.07088372488638,Tuesday,18,8.416006776608205,3.449761917950472,52.48330763573065,0.3858471038028843,240.1450809072843,0
20,39217.068791602665,Stockholm,1,9,Electrónica,451.8263352085781,Febrero,2021,64,17,3.4871946929230986,0,59.32403219565416,18.068269961702136,Thursday,1,31.491572246634007,36.31993486800069,194.33073230447053,0.5215868678985058,90.3652670417156,2
21,36817.17745475852,Lisbon,1,7,Moda,419.24754418667845,Agosto,2021,21,23,3.575479488188108,1,38.7180489695175,-9.16480624947988,Sunday,18,36.31651945534551,156.76088495652024,22.400227376850463,0.0818668012630086,37.6634295908996,1
22,34143.829888024375,Amsterdam,1,5,Hogar,387.3840416131602,Diciembre,2022,24,26,2.9146700863158084,0,52.35972320707095,4.910849450392375,Saturday,19,210.036627265464,33.31997699314698,63.58400480949837,0.3390482131401717,171.9775924255238,0
23,30075.71639129932,Lisbon,1,16,Libros,277.7743252993434,Junio,2020,62,29,2.5748485505734218,0,38.70668919713239,-9.157602503710082,Tuesday,1,66.21970429040302,44.66827306715344,181.546459063147,0.5824074078647186,25.2522113908494,2
24,32210.370084333656,Paris,1,4,Libros,268.11157845426226,Febrero,2020,52,33,3.434870876602047,0,48.856796458050006,2.3629498852545003,Saturday,23,12.374472214129629,53.54555571525484,23.055543203772583,0.1788198407358269,38.87541696565352,1
25,35240.09871997476,Rome,1,2,Electrónica,321.72160693160794,Diciembre,2020,65,27,3.517197719856948,1,41.89403893037158,12.497936158392765,Friday,18,36.285055329884266,27.27574900546279,30.91852108643708,0.3139357340537689,290.9786523349328,0
26,26857.151262621468,Rome,1,8,Alimentos,278.3835596595507,Mayo,2022,26,25,3.060060880665814,0,41.89518420885681,12.487129221016511,Monday,2,2.9608811756208167,44.44533778536099,147.8220174173811,0.565864386727281,69.59588991488768,2
27,27777.50627890409,Amsterdam,1,5,Hogar,305.06439846565866,Enero,2021,25,10,3.192679582246804,0,52.35865487904325,4.910783282164169,Sunday,23,25.90242079828304,39.502163781259,29.32996642650568,0.0459909211782172,56.88776405870632,0
28,21654.33820454734,Madrid,0,0,Moda,107.96481180745104,Diciembre,2021,69,47,3.822134135822818,0,40.39387834901768,-3.731090918135264,Tuesday,21,16.155212609863213,104.14047462671914,51.20212366653455,0.4590000948715476,158.5903009367118,1
29,26140.904611216225,Paris,1,9,Libros,261.00338603157473,Octubre,2020,62,23,3.5449415243730966,0,48.854115995485714,2.365959738877681,Saturday,0,18.79820844546329,2.093015778456644,68.76052265329737,0.8629899549926477,52.20067720631495,2
30,38306.50865304077,London,1,3,Libros,390.9695477965669,Junio,2021,34,21,2.707996916026318,0,51.49789633505957,-0.1309314952989633,Saturday,16,23.46883757061378,14.842922665444132,24.2168492391226,0.0426209408050166,30.03636710984544,0
31,28328.764544248163,Lisbon,1,8,Hogar,269.41043262670405,Diciembre,2021,34,21,3.583092395780969,1,38.69469535195383,-9.142355289151908,Thursday,20,4.580263353356225,135.1798202637419,65.96481146943435,0.3557245355408654,211.97387308529483,1
32,28410.765467447083,Madrid,0,14,Alimentos,348.6713466252648,Septiembre,2022,66,43,2.6853141223387884,0,40.42145678483823,-3.699545576774872,Monday,3,26.808975904385257,99.43541228040688,141.3925047981209,0.9088926649284724,348.6713466252648,2
33,31588.835162185595,Paris,1,8,Libros,336.97735533439953,Enero,2022,50,13,2.4748212713579,0,48.849897067686975,2.344821327226525,Sunday,11,0.9292518630442363,27.3678867881829,24.05617593140379,0.0062268165769022,95.2995031033718,0
34,21938.863464127386,Berlin,1,3,Hogar,284.8982300453187,Noviembre,2022,49,37,3.859590247350784,1,52.504264944757466,13.39967193282585,Wednesday,18,11.162276406275636,43.55698629325398,19.724595005938586,0.3437545632889193,160.89911815461963,0
35,34726.90845043783,Berlin,1,16,Electrónica,336.4710584868667,Noviembre,2022,25,33,3.5035101360676784,0,52.50397978675492,13.41566383778848,Wednesday,5,51.88054108614408,14.619303895280856,99.64786005376322,0.606755683155336,84.11776462171667,2
36,36332.034276864375,Rome,1,5,Alimentos,410.19421739399,Octubre,2020,36,24,3.3313023174629817,0,41.91212548595496,12.505801489133331,Saturday,2,13.39755072623234,9.378187264622902,27.150070138011408,0.130333365075177,58.948143217294216,0
37,31886.481327302045,Amsterdam,1,11,Moda,400.6181329993965,Diciembre,2022,55,44,2.852275747622464,0,52.37490142198751,4.906115842986792,Tuesday,23,44.00990072577489,28.037636946184445,28.48966586790119,0.2076926197419307,311.1347814567538,0
38,38256.75493239745,Amsterdam,0,13,Libros,448.1522217876076,Diciembre,2021,20,11,2.8460445296629624,0,52.37161731394488,4.899804116053608,Thursday,3,22.159607648370468,19.617909057753,165.6204310871316,0.7529263464759145,448.1522217876076,2
39,23365.84116932052,Prague,1,4,Hogar,179.05133202176856,Marzo,2020,22,17,3.0886266261567483,0,50.080730816806906,14.436025981977595,Sunday,16,44.089438213372055,39.43096677029894,25.024166321870275,0.0737052687447522,59.83157878459194,1
40,39218.57898875923,Madrid,1,3,Electrónica,379.5019860104733,Diciembre,2021,30,4,2.502053015712943,0,40.415721040386615,-3.688333406377491,Sunday,21,24.65910478831,3.641502799493316,35.57770326192128,0.3023743482878469,138.1089527956442,0
41,26346.29298385173,Lisbon,1,8,Moda,246.20469456602748,Julio,2021,64,47,3.270485670988384,2,38.70921510133583,-9.15021762329833,Saturday,5,29.256588559694787,164.92320551351554,155.79510266826807,0.9203515140056,27.35607717400305,2
42,23600.40133368435,Berlin,0,0,Hogar,260.46674009065987,Abril,2021,63,25,3.95616516908834,0,52.53698567164515,13.38724897179404,Saturday,16,2.6763308696969186,192.77395089986425,28.57445931717406,0.1728716499679274,67.03612700893214,1
43,28813.04019396665,Madrid,1,3,Hogar,322.4480796903932,Septiembre,2022,48,30,4.1936526821446085,0,40.4159380579048,-3.679031951975528,Sunday,18,105.92459304732944,53.90387468607552,63.24510444788207,0.3140586856357571,226.21813736264556,1
44,39360.02840236152,Lisbon,1,9,Moda,351.6556503223284,Marzo,2022,33,9,3.120282623670725,0,38.728921780469086,-9.136515575547271,Saturday,0,22.737268218765628,34.56352954854405,67.53672109620378,0.8664007723831253,87.9139125805821,2
45,29902.78929550225,Berlin,1,6,Electrónica,302.41981865086944,Mayo,2020,67,21,4.0482441771580495,2,52.50998976716918,13.398731019562575,Saturday,21,23.337313280842267,16.6670685699462,30.08520824778582,0.0946419813383114,35.51341814824824,0
46,25337.0417171946,Paris,1,2,Electrónica,152.37405056413917,Marzo,2020,49,20,2.5329699647062665,0,48.87068193663219,2.354568725270738,Thursday,18,33.820631441135546,75.64082253695986,30.07761861323808,0.3196468342690701,163.25447927611003,1
47,23525.2876276007,Lisbon,1,12,Alimentos,307.3501265661015,Julio,2022,39,19,3.719725620556806,1,38.72318453162541,-9.163325217187598,Sunday,0,38.848816887500526,51.94483126419671,147.3912901418608,0.7711186027459241,38.41876582076269,2
48,29474.40747626793,Rome,0,0,Libros,269.1253627288446,Mayo,2021,46,19,3.0580257926362595,0,41.8931205631291,12.50567370377374,Saturday,0,111.70671026099978,7.986314434521977,35.31688801240915,0.1936386855829443,77.22524954461934,1
49,20025.192142211752,Prague,1,5,Moda,203.0451184143424,Septiembre,2020,39,12,3.543672808353985,0,50.07057944669148,14.44192852248398,Monday,20,17.15815421855106,108.82354913996072,59.278646834282725,0.3740517107681996,182.29461792760063,1
50,23499.0357920328,Paris,0,13,Moda,219.50787222092487,Julio,2022,60,37,3.4761237908801457,0,48.83978860292749,2.359524571428922,Wednesday,0,11.700591423179365,77.80475301152723,134.1017225021963,0.7951738452293864,219.50787222092487,2
51,37715.338259295415,Prague,1,1,Moda,434.4547613436249,Febrero,2022,20,42,3.860207004891917,1,50.09280266834824,14.440826610119895,Saturday,1,47.56961939198059,134.62823362650462,13.508086750963209,0.0371051031406242,52.8633341553866,0
52,36616.31903575618,Rome,1,10,Electrónica,224.2878682876929,Abril,2022,27,17,2.832782175830041,1,41.895322306447504,12.498034430549469,Wednesday,23,57.60593499440807,58.212180188826046,46.10806911519801,0.3600807640180635,222.6768916872588,0
53,29357.93926730146,Paris,0,10,Libros,292.7488755567192,Septiembre,2021,59,37,3.903803148780916,0,48.86725388852419,2.3484566614629605,Sunday,1,17.33950293819904,42.76818088161178,-38.67814314567241,0.75418027345814,292.7488755567192,2
54,27671.67614372727,Amsterdam,1,5,Alimentos,271.4258235623878,Diciembre,2022,38,39,3.240246268351733,2,52.37519675495884,4.907073659067147,Sunday,5,2.451155057510097,24.3766127966901,24.805621074107474,0.1737246335911221,73.7536367749708,0
55,30292.54451153422,Berlin,1,4,Hogar,280.2436257357581,Febrero,2022,33,28,3.250847260995168,0,52.53596995673157,13.409940212449891,Monday,22,73.60935641756069,121.45582626962032,58.44006655188005,0.3823715278380334,261.2292218813071,0
56,41739.98464225161,Madrid,1,13,Hogar,503.7111737042978,Octubre,2022,29,41,3.198073053420395,0,40.394677278320295,-3.715218497333689,Sunday,5,98.62139769805806,90.4676571021114,140.0468319814731,0.6487742256594102,83.95186228404962,2
57,32024.877543852625,Paris,1,4,Moda,275.8823024957377,Septiembre,2022,19,35,2.767163447752944,0,48.8446717979301,2.3685530599086744,Sunday,22,54.23302926345188,2.0822822393905254,16.296766314027035,0.1553193705583483,45.051171835791735,0
58,34548.69087479908,Paris,1,5,Libros,384.0767176097739,Octubre,2020,58,47,3.572950517046664,0,48.8670160026915,2.3592559347564,Thursday,22,10.966316861150808,1.2024367589930114,39.18604530450948,0.4294649784626385,281.1698281149523,0
59,28987.712370842244,Rome,1,10,Electrónica,307.6897631437266,Mayo,2020,41,18,3.3786758889390893,1,41.89881932639263,12.490080895441004,Monday,1,15.775789333954256,21.255649271246828,78.4102105679897,0.782510996429508,43.9556804491038,2
60,30304.483035585803,Paris,1,1,Libros,366.1207929826338,Febrero,2022,52,14,3.6406201242033647,0,48.86685804351956,2.351166317835163,Saturday,16,5.709196084263263,74.86414753482389,11.664410127207333,0.1541843689288104,82.93195566827964,0
61,33235.81348393522,Stockholm,1,3,Libros,298.9986806004769,Abril,2021,47,35,3.512252572846431,0,59.32381579104302,18.070932439563304,Saturday,18,11.00791620784564,196.39239606990756,57.244371422410325,0.443895721614828,123.15260199868398,0
62,30630.474139120142,Paris,0,6,Electrónica,269.6562964350135,Diciembre,2020,47,44,3.8689972748061177,0,48.83821335408554,2.34524681016513,Tuesday,1,8.640179673797508,7.335427947051586,55.697877283416325,0.8444426510250453,269.6562964350135,2
63,20513.11508755671,Madrid,1,5,Moda,259.93464624943704,Diciembre,2022,64,41,4.1017543080236845,1,40.41491341967547,-3.724922499953436,Sunday,4,23.90371944939944,40.57758585970811,13.10459678919634,0.1689566456233775,60.03359067561975,1
64,36402.70380838732,Paris,1,4,Libros,385.2931035003787,Julio,2020,52,7,2.9946883390861,0,48.875986179103634,2.3405638945835845,Monday,19,2.241643680568964,21.57631648911433,41.84941169580397,0.4154369228679483,213.3875612182231,0
65,26924.33161114335,Rome,1,4,Hogar,191.9964487775956,Diciembre,2020,36,41,3.7943862502953856,2,41.89540706260087,12.490470697477738,Tuesday,4,32.38171049090396,157.66688494691832,57.83696978531287,0.9366614579304038,23.99955609719945,1
66,40556.58820808126,Stockholm,1,7,Electrónica,378.600631357649,Agosto,2021,67,13,3.076831786445073,0,59.3346812226632,18.06711011318544,Saturday,5,9.852367841669878,83.06609433451356,24.94955517561525,0.1522047981885997,104.56267560442716,0
67,33434.24256382985,Berlin,1,2,Alimentos,353.6615583307016,Marzo,2022,25,18,3.543927944068868,0,52.5226166375901,13.385840366279451,Tuesday,23,79.99980724739004,81.99855209114358,-0.95311337944635,0.4866571087864804,272.97468016917605,0
68,30354.86207819873,Stockholm,0,9,Moda,345.4368318593168,Enero,2022,43,37,3.7398693923514346,0,59.31998862617147,18.06751651099654,Thursday,3,40.17052214625679,28.45870070128981,93.23785521839842,0.818145676989624,345.4368318593168,2
69,32196.63570051717,Berlin,1,7,Electrónica,288.004824345524,Abril,2021,66,13,2.704341554168748,3,52.53266620972807,13.420409555148302,Saturday,15,24.246914457939937,24.112572134730705,24.182525547860003,0.125244064326283,40.76195957944425,0
70,29457.510557182435,Prague,1,2,Alimentos,148.86230608097728,Febrero,2021,57,36,3.616489623264705,0,50.05896826270382,14.43933452408404,Sunday,21,65.40375150882593,14.372500146752754,41.212162898967286,0.2054697748029085,115.73445306190295,0
71,27567.8361697382,London,1,10,Alimentos,301.8395209842337,Agosto,2022,24,31,3.0057519433198423,0,51.52392918745117,-0.1322810898240845,Thursday,3,16.321135965961542,2.61121337301763,124.00297900433416,0.880560768521579,37.72994012302921,2
72,31037.9913064286,Lisbon,0,0,Libros,249.36387856708723,Abril,2022,47,2,3.0906173710323124,0,38.7420739498857,-9.161278260736037,Sunday,8,8.539838768221905,90.01917630014897,24.004120292384368,0.0262489755364775,55.11373490226864,1
73,34424.952335933325,London,1,7,Libros,243.38258345321267,Febrero,2021,24,16,3.915426165349503,0,51.52481577958671,-0.1177430672987479,Thursday,19,38.61925017811757,75.42528476624653,58.17318434410407,0.2587333957050638,215.71917470274235,0
74,27677.35125677516,London,1,5,Libros,135.15721631854456,Junio,2020,20,9,2.873160429681291,0,51.52505337571147,-0.1207353106578997,Friday,2,42.5454554327014,367.7600519018137,31.726898890390984,0.5800358174772865,19.30817375979208,1
75,26888.814175468604,Berlin,1,5,Electrónica,309.5871847645731,Junio,2020,18,9,2.7768115354409755,1,52.51453615727998,13.422527246900987,Saturday,2,0.4349423916241283,256.26930303349496,17.742863524306667,0.0065052358982503,24.21059382824605,1
76,28222.5567954182,Berlin,1,6,Electrónica,288.6564404744303,Octubre,2021,53,38,3.567847470002547,1,52.51102267105237,13.398286900882468,Wednesday,19,111.539549440569,36.47932166886273,-5.278382725197126,0.2022688624934426,199.8958101289908,0
77,34760.05546923347,Stockholm,1,7,Moda,336.3177356567221,Abril,2020,42,11,3.762794873149208,0,59.33331616836004,18.073906325990507,Saturday,1,1.412831308575616,65.93773905928174,109.49239181062322,0.730778737209895,56.052955942787015,2
78,37262.75123731185,Rome,1,4,Libros,442.0787305212566,Junio,2021,54,22,3.4691757069949367,0,41.91138806967698,12.490496048181123,Saturday,18,1.2474435575187728,130.32772572934962,20.034147511784106,0.1841695695631373,36.7675440613445,0
79,31810.069559712352,Madrid,0,0,Alimentos,349.96692974827715,Febrero,2020,18,33,3.763185272834626,0,40.43467988211316,-3.6894872367961824,Thursday,23,98.29189927016108,85.26474066191605,13.03534385550396,0.3942424142463809,220.72709071898944,1
80,32906.57067017862,Vienna,1,11,Hogar,409.880708837882,Octubre,2020,32,36,3.585487830982045,0,48.19947589112507,16.371544462824204,Tuesday,5,36.48721835102065,12.786860006151594,128.8379033096536,0.5046658099135466,204.940354418941,2
81,26851.495713674434,Rome,1,8,Moda,198.8781835283945,Diciembre,2022,54,45,2.450894340134285,3,41.8984553091412,12.49248980848708,Sunday,19,19.28353783238677,26.9472072329939,28.1775269587605,0.1233300629041476,65.46716369619764,0
82,34383.77324976162,Stockholm,1,4,Electrónica,342.11020129991806,Febrero,2022,30,23,3.0352665182464955,0,59.33895893759109,18.0714555482696,Tuesday,18,52.8198608181553,6.22333549408899,39.61780215247997,0.469409164684996,161.38479873367623,0
83,32758.68505232537,Prague,1,10,Moda,246.75118177585296,Octubre,2020,57,45,3.2890789503241504,0,50.08420704631174,14.4568647054926,Saturday,4,20.295538973917,138.6100703898769,193.0902891834816,0.6233394322608115,41.12519696264216,2
84,26449.36021036258,London,1,3,Moda,253.0244855108525,Abril,2020,25,45,3.489680476714711,0,51.5024880712983,-0.1157263932618877,Saturday,8,19.243509962831137,41.93314661648782,5.10606940350694,0.1593074581952352,78.23311093848751,1
85,21061.64194034109,Lisbon,1,7,Moda,198.18562671507703,Agosto,2022,22,34,1.9075914718129443,3,38.71837185779827,-9.117127979691102,Saturday,18,121.62063759174016,11.682167643831766,54.54665637646238,0.2730446889728898,128.219058589328,1
86,23897.149478590727,Paris,1,7,Moda,270.3021766490608,Julio,2022,26,9,4.534504854358861,1,48.843826301652456,2.370107447082571,Tuesday,4,17.066973939069715,50.12232926279626,46.165491538743495,0.8632308575565024,90.10072554968694,2
87,26653.98635909393,Rome,0,0,Hogar,268.81805764803426,Diciembre,2022,18,24,3.445513047447105,0,41.89717543416822,12.49292441013962,Saturday,6,15.250098437496206,43.32016956343823,20.24642098428584,0.09630447030251,124.12525879301806,1
88,35809.68658873387,Madrid,1,10,Libros,389.26722280133447,Septiembre,2021,53,8,3.604438401958846,1,40.43217153404641,-3.710174691506076,Saturday,18,13.828311022234413,19.953920803369773,28.753890763380205,0.478110363438892,104.34467874104875,0
89,37764.29887919663,Berlin,1,6,Alimentos,412.81499544891096,Agosto,2020,52,7,4.110783858209573,0,52.52432845507066,13.402782940042776,Friday,3,30.24343608122736,5.424260462931117,82.51939066110981,0.9959049756746816,51.60187443111387,2
90,27802.410622628613,Prague,0,0,Moda,385.77054009544327,Mayo,2022,19,36,4.361827026406313,0,50.08519479748359,14.426933250094743,Saturday,0,1.390869720616042,50.10485775835959,20.8995614812679,0.0234616377924788,47.58427733441948,0
91,27960.42323614352,Stockholm,1,10,Moda,263.839399597129,Febrero,2020,57,18,4.005373322294202,2,59.32046915974474,18.06459858794946,Tuesday,18,7.121581283417075,33.0574690883717,51.78915593048481,0.2180802170868682,248.81919767310515,0
92,31308.115279862333,Madrid,1,5,Moda,266.0300177653044,Mayo,2021,40,3,3.87440654823581,0,40.415258519892106,-3.72371879686844,Tuesday,1,29.49374984348185,66.59131864322318,113.08314863482396,0.549589049793608,133.0150088826522,2
93,30060.732545366125,Rome,1,5,Libros,312.9115062194817,Agosto,2021,26,28,3.325345012232191,1,41.899895945793126,12.49439966036587,Saturday,22,20.98318357823369,33.04394371905818,27.53304269077649,0.02503715844051,26.66966480886006,0
94,34654.6704198704,Stockholm,1,3,Electrónica,306.4327028417269,Octubre,2022,51,6,3.4392371233165258,0,59.32044783687377,18.07026614496369,Tuesday,22,18.86206834368648,86.02965500888178,58.34155263217371,0.4803308080416543,255.20245682416768,0
95,27384.05953206445,Madrid,1,4,Electrónica,347.9386337424713,Septiembre,2021,63,44,3.3921022779975494,0,40.43986060567828,-3.724695425222817,Tuesday,2,32.24924292164994,36.123935355966935,157.3704665095803,0.7007471579306441,38.65984819360793,2
96,34745.71493890499,Madrid,0,0,Hogar,333.2962474417883,Diciembre,2020,31,44,2.896944004142729,0,40.42266848080409,-3.693915647705349,Sunday,6,5.335586063019219,37.04015614410662,6.497515880571749,0.1371130574457942,68.83314400943104,1
97,28803.876010651224,Madrid,1,3,Electrónica,259.75994171281275,Diciembre,2022,21,21,2.8664929501502514,0,40.41196008082516,-3.691734144758144,Thursday,18,3.5268664037977624,94.17413894533972,43.25312661766572,0.3054868061718903,215.1342674497993,1
98,34269.87355533928,Stockholm,1,11,Moda,319.1329494958369,Diciembre,2020,47,28,2.794722017828508,1,59.32751463086982,18.06869274575955,Saturday,1,30.851824413266733,23.249129129465267,84.78880594140931,0.9000354843495797,159.56647474791845,2
99,28644.79768855729,London,0,0,Moda,322.36884805915497,Septiembre,2020,48,40,3.442064274657488,0,51.48769412178218,-0.1201311954346124,Sunday,19,0.8060721800218329,6.474957992563453,34.95133745517411,0.0860611789798925,21.80431948746735,1
100,26934.526585458112,Vienna,1,3,Moda,261.45791669300684,Enero,2021,55,1,2.7076662113868064,0,48.21142685357889,16.364568017546524,Sunday,22,45.45084257003664,1.3142259644442609,59.432512326121305,0.2304262485347649,173.29258251559517,0
101,39561.588199199854,Lisbon,1,11,Hogar,363.5325409854794,Septiembre,2021,28,36,3.3754582620718554,1,38.7143950064437,-9.1105580895525,Saturday,0,84.51766366161455,63.31758536981636,159.93206859955257,0.6020178173144495,51.93322014078277,2
102,35326.13541273459,Rome,1,3,Moda,436.5289500085224,Julio,2021,52,21,3.5018346959788293,0,41.90121473125137,12.496438908102636,Sunday,0,25.703473367326332,43.577953517730585,22.1363042442851,0.0401049453400673,64.1069347006684,0
103,21039.774499323925,Madrid,1,4,Electrónica,167.58925296015175,Septiembre,2021,25,43,3.323467649193344,0,40.44139580948959,-3.690764287448055,Thursday,22,165.502872324118,54.79494065090445,71.7401480026415,0.3457615277558977,118.84770532671271,1
104,27766.13244105046,Lisbon,1,9,Libros,279.4396281121543,Agosto,2021,20,35,2.938934214990004,0,38.72722420786745,-9.121431719119537,Monday,1,30.924814735349457,10.776667207204955,3.13188417617701,0.7775424746511431,46.57327135202572,1
105,36024.61460889287,Madrid,1,8,Libros,392.86145366944027,Enero,2022,31,13,4.848430185090252,0,40.43866197598736,-3.706386715695764,Saturday,4,18.388679221532737,6.59756480527254,22.665805466949365,0.0983189093482873,37.4436070951469,0
106,24016.697653932388,Vienna,1,7,Alimentos,158.60022101847022,Diciembre,2020,30,10,3.980057950090156,2,48.20770216729864,16.371521018713036,Friday,18,2.408304984562934,0.6593164319550952,96.91989531395166,0.2770329703161523,228.1672731252512,0
107,33853.39164761556,Stockholm,1,14,Electrónica,362.5469415464518,Agosto,2020,62,44,2.9977287499576386,0,59.33863412280037,18.072543325085807,Friday,0,85.14381438698997,19.425926768178115,37.3325903439057,0.8665356480148374,60.42449025774197,2
108,33335.280517348954,Amsterdam,1,4,Moda,280.5974213994671,Agosto,2020,49,47,3.6064340437134494,2,52.359264461324166,4.91135919246626,Saturday,8,14.637825820505611,40.11288190492251,15.986202426677735,0.0128417874150268,55.28987425950983,0
109,26504.26710954041,Prague,1,6,Libros,306.1818101371042,Noviembre,2020,51,10,3.205996928531338,0,50.07472239763345,14.4205501562569,Sunday,20,7.814032798987005,22.40918404025178,5.531993777393033,0.2854618705885768,144.96103585816576,0
110,29955.914768770963,Lisbon,0,7,Electrónica,251.4265970917608,Marzo,2021,62,46,3.112760136646293,0,38.72528303530979,-9.144270143261458,Friday,0,70.72728551309757,25.889380327279405,117.43221721671102,0.8079927251300896,251.4265970917608,2
111,19549.9112568486,Lisbon,0,0,Libros,230.13756416092903,Enero,2020,36,13,2.689963964438032,0,38.74496496429175,-9.157060323783435,Sunday,18,6.5368878282135,105.52776853416486,25.38022354796844,0.1163942803828797,77.27615255411669,1
112,38852.15758283359,Madrid,1,3,Moda,443.8132291430716,Agosto,2022,55,37,3.766108345379626,1,40.43638787656953,-3.700338678528873,Monday,21,36.110594898115856,19.264617649130027,48.61038322723862,0.2921869894778859,164.43506876197313,0
113,28454.53745401539,Paris,1,9,Libros,327.61720082179414,Marzo,2022,33,38,2.9893098824652133,0,48.83878441212854,2.371073812053019,Thursday,2,3.1867600644489062,32.46862626325445,29.45877509560624,0.594012367307708,109.20573360726472,2
114,34019.065256881295,Madrid,1,3,Alimentos,352.756484980718,Marzo,2020,19,24,3.673913012012602,0,40.41755691464619,-3.716347388746106,Saturday,2,0.5516966354170111,68.88922819738657,20.479540502831057,0.0537986808870195,47.231664272982606,1
115,33069.206707377125,Prague,1,9,Alimentos,319.1270199272863,Enero,2020,57,2,4.066891107265219,0,50.074276273679565,14.4521143113407,Thursday,19,162.97251923255968,22.728605908463088,111.14379949042066,0.440907769349799,170.67179602186405,0
116,36789.40394049994,Madrid,1,12,Libros,339.07306058825725,Noviembre,2022,34,22,4.026957192605725,0,40.40509418746311,-3.7222394162107983,Friday,5,34.466246177315014,43.78907139088884,41.27647366166416,0.6776922843428697,56.51217676470954,2
117,27833.4829654872,Prague,1,4,Electrónica,351.8865641957272,Mayo,2022,51,17,3.083806616962948,0,50.06066284987723,14.429714375935609,Saturday,21,2.2154888083928106,89.2413289657938,32.089819441064655,0.1595118201274376,73.32197710821553,0
118,31019.113637637336,Madrid,0,0,Electrónica,275.2163753679912,Octubre,2021,59,36,3.827682805346005,0,40.433602885222406,-3.705502418088285,Friday,22,22.80153666340722,134.37856869186004,68.14416559746729,0.3617483830025764,190.1232387151516,1
119,32795.546013072635,Amsterdam,1,10,Electrónica,276.1021564522265,Julio,2022,33,14,3.6462271083211504,0,52.36214963207387,4.897423699992195,Sunday,3,55.90578120291831,7.158684569167619,73.61115678770304,0.8918958922426986,30.678017383580723,2
120,34362.707957152394,Berlin,0,0,Libros,376.8955263231654,Octubre,2021,55,10,3.312910912448017,0,52.51330917906042,13.422596974915429,Saturday,23,0.7064100954213453,117.52482433689354,5.585057519363847,0.0620723917847147,71.82896371547872,0
121,35771.77169204462,Prague,1,4,Electrónica,317.9108767611214,Septiembre,2021,19,35,2.8041140213035622,1,50.0692210685036,14.457324963038184,Monday,23,42.46335022628071,30.48762514479888,30.238138613867203,0.2933923097468011,162.0479776395676,0
122,27613.091347123394,London,0,7,Moda,228.6277385979276,Diciembre,2021,19,25,3.9947603328879855,0,51.506809218230615,-0.1406334432683939,Monday,1,9.932504005188884,13.443095445812808,138.5719495957912,0.7771132570660083,228.6277385979276,2
123,26678.862783477885,Berlin,1,5,Alimentos,194.60841472629065,Julio,2021,43,3,3.543747937866027,0,52.53564560367175,13.403414214925393,Saturday,16,3.772503594873229,27.656413531681387,21.75545829890508,0.0910440298163602,3.3917117922726305,0
124,36800.55683124086,Rome,0,0,Moda,343.86007633938266,Septiembre,2021,30,47,3.617983875355869,0,41.90699342687009,12.506074231664185,Monday,23,2.5477039800631016,176.11438939112662,83.63550115387444,0.3831001349932755,201.67293854961517,1
125,19814.620325139305,Prague,1,6,Electrónica,194.0104520565684,Agosto,2020,64,38,3.228961994086037,0,50.0575070140128,14.421667782391502,Monday,0,29.74197529299661,30.53210817003119,5.201757934635538,0.5026148067714564,27.715778865224056,1
126,37850.16140271336,Madrid,1,7,Moda,390.6562004101685,Diciembre,2022,48,17,2.870357766738903,1,40.43002740448777,-3.716890499802272,Sunday,5,62.982474422608405,17.93772144452249,24.08512348377426,0.0023241079816201,27.45998134911069,0
127,28488.37878961846,Berlin,1,2,Electrónica,332.4491001111587,Febrero,2021,51,12,3.2252751127539447,0,52.50737205587801,13.386574475192788,Sunday,21,9.634299080185135,45.15688232809468,25.25987949353548,0.4148452022669581,168.90908497468044,0
128,29977.18585504852,Stockholm,0,7,Libros,326.1167547337749,Enero,2022,56,24,3.4979893063050014,0,59.31973693423973,18.0740897120624,Wednesday,1,48.80987417981935,12.358281047202134,108.51491810811972,0.8804953800140469,326.1167547337749,2
129,26588.28699439923,Prague,1,7,Moda,256.3392589663333,Julio,2022,20,29,2.6678899965913256,1,50.06087733709478,14.436508824638846,Sunday,2,9.940015869202156,3.5502887239305765,18.136276056369084,0.0144893775589117,10.95482846511321,0
130,29759.022572320937,Stockholm,1,5,Libros,287.68044190422336,Julio,2021,25,43,3.2450775956748084,1,59.3314179363036,18.067167036011377,Monday,23,258.8850650720027,6.208884887058714,77.35478796177371,0.2817872002200601,235.06865324196116,0
131,36355.691129904575,Madrid,1,10,Libros,389.0647847448049,Agosto,2020,40,25,2.55574740596575,0,40.38842639914018,-3.686789909844726,Wednesday,5,41.66269188016274,6.16582908301532,151.6481973576403,0.5176556774701195,77.81295694896099,2
132,33854.3155073202,Madrid,1,4,Hogar,402.1716632196305,Mayo,2021,31,36,2.749976288765064,1,40.3874307934725,-3.688086606337351,Sunday,17,49.32627549730259,7.414195570050284,15.953341766929537,0.0784987112813369,100.04342756325336,0
133,32463.432419002027,Lisbon,0,0,Electrónica,330.9500341641803,Marzo,2020,44,26,3.775455624138437,0,38.74589826962728,-9.14332960473657,Monday,20,201.34825846919452,6.725702973038245,46.04980253552527,0.3240647304576055,251.55314569940268,1
134,30444.36503065872,London,0,10,Alimentos,280.9871075960667,Diciembre,2022,46,38,3.761895260138947,0,51.50882169892391,-0.1287206642952938,Wednesday,3,15.962380624578149,46.08378229841129,90.25273957855208,0.8728668913656161,280.9871075960667,2
135,22771.950137639586,Prague,1,7,Electrónica,178.0762013221186,Agosto,2020,56,1,3.3640616173065667,1,50.07106834474494,14.453296981414814,Saturday,1,13.95731735885198,9.033586066551674,16.370427210312926,0.0959877669434247,47.36520186406684,0
136,25779.315432411306,Rome,1,1,Alimentos,185.53289110350173,Junio,2020,56,20,3.0511178454615235,0,41.9106786702134,12.49311632729283,Tuesday,23,0.2971333784296569,19.08626921076624,8.628583203355767,0.2365658280010842,205.42713380142192,1
137,28283.99381684416,Madrid,0,14,Electrónica,316.1534217706178,Noviembre,2020,18,28,2.6662982242369946,0,40.42370418524089,-3.678185546271248,Sunday,5,12.502010127922594,102.19383563077608,81.55848852037299,0.6012402800826186,316.1534217706178,2
138,32288.3822721442,Paris,1,4,Libros,351.7827489034199,Marzo,2022,34,16,3.153365877029343,0,48.87508233995766,2.352558361616882,Sunday,15,80.10413773197979,28.907151374096717,21.74639269367828,0.1200041096238607,94.52073032416608,0
139,30348.2633225944,Berlin,1,6,Moda,332.3508094812771,Enero,2022,58,47,3.9022592458226457,0,52.51811299221138,13.39614777263714,Monday,19,181.95844792072893,49.558008764357126,17.750977506473653,0.2543448048604041,223.13131676905516,0
140,34917.52153179233,Paris,1,10,Moda,342.7422430003205,Marzo,2020,47,17,3.934122845672162,1,48.87495487492762,2.3379125721789147,Thursday,3,16.81066828326479,8.510783270094741,120.08856412792868,0.97903674005969,68.5484486000641,2
141,32368.13693863782,Paris,1,6,Hogar,394.0281066809657,Mayo,2020,30,40,3.0517341322590155,0,48.85979318304191,2.3435020107007456,Sunday,0,41.69354149486383,9.609794144779276,1.9004109901929385,0.0583325157418606,9.176192986450417,0
142,30271.752889692856,Stockholm,1,8,Alimentos,278.51160416768766,Marzo,2021,38,28,2.803253787007608,1,59.32488016580696,18.066699371747525,Monday,19,61.152576814110056,1.8777245722904388,91.72553813223482,0.4043353561894948,305.8927974812945,0
143,41378.80648783602,Berlin,1,8,Alimentos,461.5515267387205,Enero,2020,36,12,3.4939218189331664,1,52.53995171743263,13.387198652273591,Thursday,4,3.2651255642015404,8.327130482951139,90.394447363928,0.6839703756510422,57.69394084234006,2
144,32031.13342524964,Prague,0,0,Alimentos,318.37418950301924,Mayo,2021,36,27,2.948232514687075,0,50.07864167272814,14.42110288632141,Saturday,13,69.85337042602896,14.694665338401547,29.650149610632297,0.1389963772253085,35.680789386286854,0
145,27840.28899195814,Lisbon,0,0,Libros,247.9853516856145,Octubre,2020,42,42,3.1608736805693987,0,38.70157124979943,-9.142926223493626,Monday,22,121.46007401859065,8.766531786739858,43.856423397851394,0.2544315043086881,141.36983715693418,1
146,39299.835032434654,London,1,10,Alimentos,422.6248656902346,Julio,2021,39,47,4.052638045218519,1,51.50781840525386,-0.137448303665419,Sunday,3,52.5399767256999,4.1798658537165405,169.52498906203732,0.6634658081690396,211.3124328451173,2
147,36002.057742066994,Berlin,1,7,Moda,380.5023833548696,Julio,2022,48,30,3.893557714282884,2,52.51265828523498,13.388478680810236,Saturday,19,11.572062784935248,5.785029607200864,15.198681323041493,0.1720244794378409,70.01245604414932,0
148,39080.43895121908,Prague,1,4,Libros,408.6530274755371,Noviembre,2020,34,41,3.4189871561257257,2,50.06762879135377,14.45646233757522,Saturday,18,36.389536145520566,27.79332045144206,48.642628337054695,0.357549015100118,138.3265949359947,0
149,29445.34032185245,Amsterdam,1,9,Electrónica,298.51732432133446,Septiembre,2020,40,34,2.7640404994436385,0,52.37649414763345,4.90079756580274,Friday,2,14.789653621805137,10.399149285529344,44.42934939327825,0.5744440251662224,149.25866216066723,2
150,34881.54563240551,Prague,1,6,Alimentos,346.9208022382136,Octubre,2020,49,37,3.595698283735329,0,50.078334157451145,14.454183815644438,Sunday,6,0.3269041984552643,20.38415019799133,21.278026973667828,0.1559701977786699,54.4818651106671,0
151,22735.752704638195,Vienna,1,5,Alimentos,346.7761266899039,Octubre,2020,27,6,3.801328645393763,0,48.198323676452816,16.38001367140675,Thursday,20,43.490164121866265,31.500233312144868,96.22390237363362,0.4127138785167298,234.74989503884373,0
152,33920.03205457084,Stockholm,0,17,Electrónica,398.413152805517,Diciembre,2021,27,7,3.082183167117232,0,59.33826739105578,18.06042651468667,Saturday,5,2.871768316454258,52.7605845305644,97.41779224174576,0.6528021077451074,398.413152805517,2
153,29211.380208729483,London,0,0,Alimentos,328.2551468365705,Marzo,2020,53,32,4.205557044993358,0,51.49385790744132,-0.1093701478891457,Sunday,0,11.539609001551169,1.804757854500694,23.67102266788067,0.0079237650696714,63.32149732033647,1
154,23224.710222410336,Rome,1,4,Electrónica,237.8370601342728,Julio,2022,25,32,3.896372644759104,0,41.90355080287281,12.486683932689434,Wednesday,22,40.2651299705316,72.29224097217538,22.33685228145824,0.2320630769284231,297.3271418757383,1
155,35163.00202008988,Amsterdam,1,8,Libros,401.9878802307322,Enero,2022,69,25,4.521866416071736,1,52.36275263997528,4.903098873485376,Monday,0,90.23848620311968,44.48671606652834,110.2843187480342,0.9383253809141004,36.54435274824838,2
156,20949.34337501992,Paris,0,0,Moda,235.3931725697718,Abril,2020,37,33,3.5226215632656768,0,48.86431635644099,2.361526415125472,Sunday,18,25.559918731657916,3.838294366935042,14.741946126870433,0.0961013894515658,18.65479415516857,1
157,20436.467414678904,Lisbon,1,4,Electrónica,205.6749117854908,Abril,2022,49,7,3.7836958499030064,0,38.75202529077553,-9.152049328036975,Friday,20,65.952314223935,93.06606143196409,50.34823229782366,0.3701936658886711,186.97507190306388,1
158,31812.38229402651,Paris,1,9,Hogar,302.9456066769693,Mayo,2020,67,12,4.377093644165545,0,48.85812880407474,2.353532941914384,Sunday,4,17.85043990868573,114.15120958705177,81.07729740767702,0.9981671688136236,33.6606229641077,2
159,32856.73755163394,Rome,1,5,Electrónica,324.521508633205,Julio,2020,31,16,3.533696968534488,0,41.90091290518895,12.489783237876848,Sunday,21,10.41068336238591,2.836027240207353,18.68961593001004,0.0209860356836349,84.42008732197323,0
160,34852.619100066055,Lisbon,0,0,Alimentos,190.00490420675777,Julio,2022,67,16,3.4193829461048937,0,38.75094739379103,-9.118100968800006,Wednesday,18,9.02504725256743,14.587957940789286,46.39098970190144,0.2769688351104091,286.341692110938,1
161,33709.81508264733,London,0,14,Libros,347.6281927913554,Noviembre,2020,45,43,3.2257285817360697,0,51.50733332113177,-0.1236701830926388,Monday,2,33.48970739785519,73.84208324519892,-43.564133147873065,0.6841547652534241,347.6281927913554,2
162,37383.29312714814,Madrid,1,2,Libros,349.40912726596343,Abril,2022,63,36,3.749277476886869,0,40.40043566321359,-3.701172775776495,Saturday,5,41.87513620989232,62.07107580964388,-0.3524024062550381,0.0484090031725054,69.42540239393223,0
163,33501.214766812096,Madrid,0,0,Electrónica,414.6456475822652,Julio,2021,69,13,3.0447192890268906,0,40.42849820798729,-3.7028899782968048,Tuesday,23,1.825918855198276,9.17908344278102,49.18116824460004,0.4888780625712739,204.8216859396745,1
164,29338.502780287687,Lisbon,1,15,Moda,294.3522313434646,Noviembre,2020,41,7,3.338370542317904,1,38.75171711023509,-9.132619500625136,Sunday,1,46.764930955462255,10.570456403168995,91.95475459754036,0.7243053154772713,58.87044626869292,2
165,29631.94442104047,Rome,1,9,Hogar,236.8712732336566,Marzo,2021,32,36,3.868273559115127,1,41.90021947425184,12.501843040552316,Sunday,21,2.869108396209583,20.82532995109664,27.32123607333072,0.1973325186534293,60.04063763728684,0
166,28588.894055063945,Lisbon,0,0,Libros,283.39493284423355,Junio,2022,39,47,2.29437307441736,0,38.7025277506949,-9.146229051177624,Saturday,23,22.08408528082685,29.81981541008765,52.66075569229742,0.3450636940159774,165.9556358980459,1
167,31477.387622115915,Paris,1,11,Alimentos,262.46782196803395,Diciembre,2021,47,9,4.237241050897257,0,48.8504783580151,2.3494722838043107,Sunday,5,1.778451193462134,43.33508253263484,145.00884934562333,0.8610354691013685,43.74463699467233,2
168,24513.270657166708,Vienna,1,5,Alimentos,268.8030773572904,Febrero,2021,21,32,3.77118710935158,0,48.21383559651857,16.373483460643268,Sunday,20,23.923839470861783,20.714065335015803,30.800690003221646,0.0284991085803026,32.859742972954805,0
169,31704.61099279477,Lisbon,1,5,Moda,331.593478144922,Octubre,2022,30,11,3.0701176920847617,0,38.73994086701595,-9.134710665811609,Monday,18,73.18190085245037,27.940099914941293,-16.274245209825295,0.4417977649325474,150.46538056811482,1
170,29567.93246584193,Berlin,1,11,Libros,343.57130621383266,Septiembre,2021,40,8,3.671695413935905,0,52.51368277738631,13.417399149747338,Sunday,0,65.59855992662403,61.93030231754291,138.90545930630088,0.9430978902325372,57.26188436897211,2
171,31378.17578943704,Madrid,1,4,Electrónica,274.2376683096421,Mayo,2021,25,33,3.2515738634531632,1,40.40109738023319,-3.720337021212013,Saturday,0,12.965748584036552,1.6817828544665308,2.990064480612464,0.0997776306902712,58.09500319014863,1
172,31393.615174853305,Berlin,1,9,Alimentos,315.6365565599404,Junio,2022,35,23,3.9649951842193416,0,52.520180116962194,13.395433969838482,Tuesday,22,13.527783266196622,13.092147984707877,-1.8347558102037385,0.3650679626468786,231.47067924433935,0
173,17738.676993421333,Prague,1,10,Moda,109.13568016288156,Diciembre,2021,29,25,3.7813415713849694,0,50.05586348139805,14.443731901091953,Tuesday,3,4.629229636263581,56.22713437302116,117.73892410850998,0.7965221670933921,15.590811451840224,2
174,25493.53090667666,London,1,2,Libros,290.01004816300235,Diciembre,2022,48,8,2.7799646384084955,0,51.507843752858896,-0.1299792874202735,Sunday,18,43.00291641237281,101.5095039448776,15.93507123303738,0.1236311468636238,42.71275052516275,1
175,29456.856679555724,Amsterdam,1,6,Libros,320.51212581756334,Diciembre,2021,31,45,3.603631206732088,1,52.37693937029237,4.905523983679258,Friday,18,67.14710455991874,32.25506004937804,14.812207632054466,0.2130237598564457,154.25204661086516,0
176,29722.57520851164,Berlin,0,12,Libros,322.016003136495,Diciembre,2022,51,22,3.407186073178376,0,52.53453726311158,13.390578009448204,Wednesday,0,3.1982613673615634,34.1788276058881,45.10688208253882,0.6957628490889147,322.016003136495,2
177,31296.94654499847,Berlin,0,0,Libros,313.0504170178318,Abril,2022,35,4,3.39141628525905,0,52.52276825852518,13.419719185069235,Saturday,16,2.635665650058153,5.101260234329852,7.7013062175918545,0.1404929941088208,8.737719749055955,0
178,31511.74145165821,Paris,1,5,Libros,335.85605905602165,Noviembre,2021,51,40,3.145914049515092,0,48.8599242302912,2.36092056712508,Sunday,21,210.21782341375257,26.69144607375979,93.80676108559057,0.3899454126782067,204.0638421383514,0
179,37581.16661466949,Rome,0,12,Alimentos,456.0286215621247,Octubre,2021,28,3,4.154068534560418,0,41.900240871356246,12.48824899034074,Monday,1,2.266382685773914,34.22730595748805,119.7654731229242,0.7063109204243119,456.0286215621247,2
180,31562.292405489738,London,0,0,Moda,301.3682112027967,Julio,2021,58,29,4.100030909951288,0,51.50571601180508,-0.1320208243664457,Saturday,13,51.75557561425744,12.4961761467294,18.22259678512594,0.1119297366973828,48.739428706962805,1
181,28434.8814589178,Lisbon,1,3,Libros,291.2810737746822,Diciembre,2020,29,41,2.920114418013517,0,38.744323610942736,-9.154660281858852,Friday,19,5.916383623307218,14.115357534534471,68.04180160108088,0.4854210026619971,279.1732512692047,1
182,22004.38263731259,Prague,1,5,Hogar,165.7375114140554,Septiembre,2020,66,29,2.992694696544884,0,50.0941693691014,14.45612552479218,Thursday,4,2.5454625174093617,21.31492431611124,71.3281089228881,0.8478090732484034,41.43437785351385,2
183,23157.049422290715,Madrid,1,3,Hogar,188.15744614299047,Julio,2020,32,34,3.127163684511076,0,40.40165789858429,-3.7129168826713608,Saturday,2,2.659616033334201,0.9123912337641532,26.48636334720961,0.0019541694838367,46.081740044436856,1
184,32677.459049876023,Stockholm,1,6,Moda,331.6652551534256,Enero,2022,48,34,3.697251323045653,3,59.33721111481748,18.07793244441792,Friday,22,66.99474503427217,17.49261425652611,62.234364030697954,0.3804835460438993,184.66098035643148,0
185,35302.23407055234,Prague,1,4,Electrónica,408.2190180406187,Enero,2021,66,28,3.780102921973112,1,50.07323756411344,14.430639881825636,Sunday,4,14.065127476568687,10.690062103063344,117.67414529743334,0.5016091318021394,58.31700257723124,2
186,37706.85498459092,Stockholm,1,4,Electrónica,364.2545086333306,Septiembre,2022,46,13,4.086566412384122,1,59.32982188026504,18.07235538412732,Sunday,23,13.891657814259377,17.85371536043922,29.87308899256625,0.0652922616487983,76.56003774687801,0
187,25860.534605421435,London,1,5,Electrónica,246.80951958860817,Noviembre,2020,43,15,3.8249598610904254,1,51.498338980615,-0.118341073015237,Friday,20,35.19227038543041,5.740339647815157,43.99186504604663,0.4457566578280371,265.7004737321949,0
188,28480.67782284536,Rome,1,12,Hogar,264.46251600323484,Septiembre,2021,35,23,3.834784512876453,0,41.89383314714229,12.487385889855288,Sunday,5,88.26493613889731,99.54359549743612,106.07525057008576,0.8097946687299203,44.07708600053914,2
189,31211.668430415564,Paris,1,7,Electrónica,285.3788507619395,Abril,2022,49,44,3.653427700305219,3,48.85205150820583,2.3463389276824285,Sunday,20,128.06321818805952,40.51794662458019,31.218531894268484,0.1035423286769423,-5.860661057855069,0
190,40236.99460565119,Prague,1,5,Alimentos,417.118518841953,Septiembre,2021,39,26,2.695350634894505,0,50.06812532861469,14.437440790506756,Friday,21,121.56189733161098,51.14848310518642,61.106582787151,0.4652619390045223,139.27282551367966,0
191,30574.30734106948,Paris,1,8,Libros,230.88019115176257,Marzo,2022,55,4,3.452150734426549,0,48.849429343292464,2.339890316738724,Thursday,4,14.160629988573769,70.05190645700061,51.181236435831416,0.6777465052206787,57.72004778794064,2
192,37756.31427366486,Rome,1,4,Hogar,441.610121569985,Julio,2021,34,26,3.8700448699543326,1,41.89898939098177,12.505898085456204,Saturday,19,2.6158198109387176,31.05163898319983,33.105438246922134,0.0175732998289666,55.87999572136752,0
193,30849.86451453654,London,1,7,Moda,275.2275302388924,Junio,2020,40,40,3.374238535737677,0,51.50384453667979,-0.1300114889256665,Sunday,22,11.698865943518628,4.091944253285513,22.97341681000257,0.2684239315846797,173.30454493416,0
194,35766.225932142275,London,1,13,Moda,393.7574335933298,Agosto,2020,41,9,3.6615451843118736,1,51.51046179959804,-0.1084663692634309,Wednesday,5,24.52081222684479,34.66162634826701,55.377208032154826,0.8970986656385421,65.62623893222163,2
195,35132.89923276039,Amsterdam,1,7,Libros,287.82906245791014,Noviembre,2021,67,5,3.510625842376933,1,52.36243202552872,4.907725642210648,Sunday,0,16.560993759149213,39.77653760421181,17.775872215444345,0.0701253862418361,21.110798797357067,0
196,30830.44066254076,Berlin,1,8,Hogar,341.74641315271856,Septiembre,2022,25,32,2.7350940757290774,2,52.52863938774167,13.409292976671722,Saturday,18,70.78139258282123,61.56974919637842,42.26133901715024,0.263613451972468,129.64279868925416,0
197,24898.083763689225,Madrid,0,7,Electrónica,282.5780680276171,Mayo,2020,58,20,3.518327967976945,0,40.3921147003782,-3.6931876634503458,Thursday,5,3.5364062391564075,25.426559222234197,117.75112272107582,0.5464953199115661,282.5780680276171,2
198,28654.52781035525,Amsterdam,1,5,Electrónica,305.7553817038473,Enero,2020,23,11,3.384523721516327,1,52.35888189422073,4.906022852990998,Sunday,9,20.355153281188628,6.14181000281905,8.530413712665608,0.0066406217582733,57.98058355488867,0
199,37445.22586942239,Stockholm,1,8,Alimentos,324.7308326042343,Marzo,2020,22,15,2.8921561402692784,0,59.33409162354444,18.0628193978124,Tuesday,18,109.25225169585876,15.019298111776676,73.10067548017253,0.3832942966552975,203.64983779866787,0
200,34389.125842400565,Prague,1,5,Alimentos,356.36866790390945,Octubre,2021,61,32,3.4921443775716656,0,50.08916488030171,14.41901415222132,Friday,5,18.97063108748779,20.300167146358056,88.94434523557491,0.7941011334741952,71.2737335807819,2
